{
	"credit": "Made with Blockbench",
	"texture_size": [32, 32],
	"textures": {
		"0": "item/bep_scythe"
	},
	"elements": [
		{
			"from": [8, 1, 7],
			"to": [9, 2, 8],
			"rotation": {"angle": 0, "axis": "y", "origin": [8.5, 13.5, 7.5]},
			"faces": {
				"north": {"uv": [9, 1.5, 9.5, 2], "texture": "#0"},
				"east": {"uv": [10.5, 6, 11, 6.5], "texture": "#0"},
				"south": {"uv": [7, 10.5, 7.5, 11], "texture": "#0"},
				"west": {"uv": [10.5, 7, 11, 7.5], "texture": "#0"},
				"up": {"uv": [11, 8, 10.5, 7.5], "texture": "#0"},
				"down": {"uv": [8.5, 10.5, 8, 11], "texture": "#0"}
			}
		},
		{
			"from": [8, 13, 7],
			"to": [9, 26, 8],
			"rotation": {"angle": 0, "axis": "y", "origin": [8.5, 13.5, 7.5]},
			"faces": {
				"north": {"uv": [0, 3, 0.5, 9.5], "texture": "#0"},
				"east": {"uv": [0.5, 3, 1, 9.5], "texture": "#0"},
				"south": {"uv": [1, 3, 1.5, 9.5], "texture": "#0"},
				"west": {"uv": [1.5, 3, 2, 9.5], "texture": "#0"},
				"up": {"uv": [11, 8.5, 10.5, 8], "texture": "#0"},
				"down": {"uv": [9, 10.5, 8.5, 11], "texture": "#0"}
			}
		},
		{
			"from": [8, 3, 7],
			"to": [9, 12, 8],
			"rotation": {"angle": 0, "axis": "y", "origin": [8.5, 13.5, 7.5]},
			"faces": {
				"north": {"uv": [2, 3, 2.5, 7.5], "texture": "#0"},
				"east": {"uv": [2.5, 3, 3, 7.5], "texture": "#0"},
				"south": {"uv": [3, 3, 3.5, 7.5], "texture": "#0"},
				"west": {"uv": [3.5, 3, 4, 7.5], "texture": "#0"},
				"up": {"uv": [11, 9, 10.5, 8.5], "texture": "#0"},
				"down": {"uv": [9.5, 10.5, 9, 11], "texture": "#0"}
			}
		},
		{
			"from": [7.75, 12, 6.75],
			"to": [9.25, 13, 8.25],
			"rotation": {"angle": 0, "axis": "y", "origin": [8.5, 13.5, 7.5]},
			"faces": {
				"north": {"uv": [8.5, 4, 9.5, 4.5], "texture": "#0"},
				"east": {"uv": [8.5, 6, 9.5, 6.5], "texture": "#0"},
				"south": {"uv": [9.5, 6, 10.5, 6.5], "texture": "#0"},
				"west": {"uv": [9.5, 7, 10.5, 7.5], "texture": "#0"},
				"up": {"uv": [8, 1, 7, 0], "texture": "#0"},
				"down": {"uv": [8, 1, 7, 2], "texture": "#0"}
			}
		},
		{
			"from": [7.75, 2, 6.75],
			"to": [9.25, 3, 8.25],
			"rotation": {"angle": 0, "axis": "y", "origin": [8.5, 13.5, 7.5]},
			"faces": {
				"north": {"uv": [9.5, 7.5, 10.5, 8], "texture": "#0"},
				"east": {"uv": [9.5, 8, 10.5, 8.5], "texture": "#0"},
				"south": {"uv": [9.5, 8.5, 10.5, 9], "texture": "#0"},
				"west": {"uv": [9.5, 9, 10.5, 9.5], "texture": "#0"},
				"up": {"uv": [8.5, 6.5, 7.5, 5.5], "texture": "#0"},
				"down": {"uv": [7, 7.5, 6, 8.5], "texture": "#0"}
			}
		},
		{
			"from": [8.001, -1, 6],
			"to": [8.999, 0, 7],
			"rotation": {"angle": -45, "axis": "x", "origin": [8.5, -0.5, 7.5]},
			"faces": {
				"north": {"uv": [10.5, 9, 11, 9.5], "texture": "#0"},
				"east": {"uv": [9.5, 10.5, 10, 11], "texture": "#0"},
				"south": {"uv": [10, 10.5, 10.5, 11], "texture": "#0"},
				"west": {"uv": [10.5, 10.5, 11, 11], "texture": "#0"},
				"up": {"uv": [0.5, 11.5, 0, 11], "texture": "#0"},
				"down": {"uv": [11.5, 0, 11, 0.5], "texture": "#0"}
			}
		},
		{
			"from": [8.001, -2, 6],
			"to": [8.999, 1, 7],
			"rotation": {"angle": 45, "axis": "x", "origin": [8.5, -0.5, 7.5]},
			"faces": {
				"north": {"uv": [4, 8.5, 4.5, 10], "texture": "#0"},
				"east": {"uv": [4.5, 8.5, 5, 10], "texture": "#0"},
				"south": {"uv": [6, 8.5, 6.5, 10], "texture": "#0"},
				"west": {"uv": [6.5, 8.5, 7, 10], "texture": "#0"},
				"up": {"uv": [1, 11.5, 0.5, 11], "texture": "#0"},
				"down": {"uv": [11.5, 0.5, 11, 1], "texture": "#0"}
			}
		},
		{
			"from": [8.001, -2, 8],
			"to": [8.999, 1, 9],
			"rotation": {"angle": 45, "axis": "x", "origin": [8.5, -0.5, 7.5]},
			"faces": {
				"north": {"uv": [8.5, 7, 9, 8.5], "texture": "#0"},
				"east": {"uv": [7.5, 8.5, 8, 10], "texture": "#0"},
				"south": {"uv": [8.5, 8.5, 9, 10], "texture": "#0"},
				"west": {"uv": [9, 0, 9.5, 1.5], "texture": "#0"},
				"up": {"uv": [1.5, 11.5, 1, 11], "texture": "#0"},
				"down": {"uv": [11.5, 1, 11, 1.5], "texture": "#0"}
			}
		},
		{
			"from": [8.001, -1, 8],
			"to": [8.999, 0, 9],
			"rotation": {"angle": -45, "axis": "x", "origin": [8.5, -0.5, 7.5]},
			"faces": {
				"north": {"uv": [1.5, 11, 2, 11.5], "texture": "#0"},
				"east": {"uv": [11, 1.5, 11.5, 2], "texture": "#0"},
				"south": {"uv": [2, 11, 2.5, 11.5], "texture": "#0"},
				"west": {"uv": [2.5, 11, 3, 11.5], "texture": "#0"},
				"up": {"uv": [3.5, 11.5, 3, 11], "texture": "#0"},
				"down": {"uv": [4, 11, 3.5, 11.5], "texture": "#0"}
			}
		},
		{
			"from": [8.25, 26, 4],
			"to": [8.75, 29, 9],
			"rotation": {"angle": 0, "axis": "y", "origin": [8.5, 27.5, 4.5]},
			"faces": {
				"north": {"uv": [7, 9, 7.5, 10.5], "texture": "#0"},
				"east": {"uv": [0, 0, 2.5, 1.5], "texture": "#0"},
				"south": {"uv": [9, 7, 9.5, 8.5], "texture": "#0"},
				"west": {"uv": [0, 1.5, 2.5, 3], "texture": "#0"},
				"up": {"uv": [2.5, 10, 2, 7.5], "texture": "#0"},
				"down": {"uv": [3, 7.5, 2.5, 10], "texture": "#0"}
			}
		},
		{
			"from": [8.25, 25.75, 9],
			"to": [8.75, 28.5, 11],
			"rotation": {"angle": 0, "axis": "y", "origin": [8.5, 27.5, 4.5]},
			"faces": {
				"north": {"uv": [8, 9, 8.5, 10.5], "texture": "#0"},
				"east": {"uv": [5, 5, 6, 6.5], "texture": "#0"},
				"south": {"uv": [9, 8.5, 9.5, 10], "texture": "#0"},
				"west": {"uv": [6, 3, 7, 4.5], "texture": "#0"},
				"up": {"uv": [10, 10.5, 9.5, 9.5], "texture": "#0"},
				"down": {"uv": [10.5, 0, 10, 1], "texture": "#0"}
			}
		},
		{
			"from": [8.25, 25, 11],
			"to": [8.75, 27, 12],
			"rotation": {"angle": 0, "axis": "y", "origin": [8.5, 27.5, 4.5]},
			"faces": {
				"north": {"uv": [10, 1, 10.5, 2], "texture": "#0"},
				"east": {"uv": [2, 10, 2.5, 11], "texture": "#0"},
				"south": {"uv": [10, 2, 10.5, 3], "texture": "#0"},
				"west": {"uv": [2.5, 10, 3, 11], "texture": "#0"},
				"up": {"uv": [4.5, 11.5, 4, 11], "texture": "#0"},
				"down": {"uv": [5, 11, 4.5, 11.5], "texture": "#0"}
			}
		},
		{
			"from": [8.25, 26, -1],
			"to": [8.75, 28.5, 4],
			"rotation": {"angle": 0, "axis": "y", "origin": [8.5, 27.5, 4.5]},
			"faces": {
				"north": {"uv": [0, 9.5, 0.5, 11], "texture": "#0"},
				"east": {"uv": [2.5, 0, 5, 1.5], "texture": "#0"},
				"south": {"uv": [9.5, 0, 10, 1.5], "texture": "#0"},
				"west": {"uv": [2.5, 1.5, 5, 3], "texture": "#0"},
				"up": {"uv": [3.5, 10, 3, 7.5], "texture": "#0"},
				"down": {"uv": [8, 3, 7.5, 5.5], "texture": "#0"}
			}
		},
		{
			"from": [8.2499, 25.13844, -4.33134],
			"to": [8.7501, 27.13844, -0.33134],
			"rotation": {"angle": -22.5, "axis": "x", "origin": [8.375, 26.38844, -2.83134]},
			"faces": {
				"north": {"uv": [3, 10, 3.5, 11], "texture": "#0"},
				"east": {"uv": [4, 3, 6, 4], "texture": "#0"},
				"south": {"uv": [10, 3, 10.5, 4], "texture": "#0"},
				"west": {"uv": [4, 4, 6, 5], "texture": "#0"},
				"up": {"uv": [4, 9.5, 3.5, 7.5], "texture": "#0"},
				"down": {"uv": [8, 6.5, 7.5, 8.5], "texture": "#0"}
			}
		},
		{
			"from": [8.25, 23.60771, -8.02686],
			"to": [8.75, 25.10771, -4.02686],
			"rotation": {"angle": -22.5, "axis": "x", "origin": [8.375, 24.85771, -6.52686]},
			"faces": {
				"north": {"uv": [4, 10, 4.5, 11], "texture": "#0"},
				"east": {"uv": [5, 0, 7, 1], "texture": "#0"},
				"south": {"uv": [10, 4, 10.5, 5], "texture": "#0"},
				"west": {"uv": [5, 1, 7, 2], "texture": "#0"},
				"up": {"uv": [8.5, 2, 8, 0], "texture": "#0"},
				"down": {"uv": [8.5, 3, 8, 5], "texture": "#0"}
			}
		},
		{
			"from": [8.2499, 20.99495, -9.08598],
			"to": [8.7501, 21.99495, -7.08598],
			"rotation": {"angle": -45, "axis": "x", "origin": [8.375, 22.24495, -10.08598]},
			"faces": {
				"north": {"uv": [5, 11, 5.5, 11.5], "texture": "#0"},
				"east": {"uv": [10, 5, 11, 5.5], "texture": "#0"},
				"south": {"uv": [11, 5, 11.5, 5.5], "texture": "#0"},
				"west": {"uv": [10, 5.5, 11, 6], "texture": "#0"},
				"up": {"uv": [5, 11, 4.5, 10], "texture": "#0"},
				"down": {"uv": [6.5, 10, 6, 11], "texture": "#0"}
			}
		},
		{
			"from": [8.25, 20.99495, -11.08598],
			"to": [8.75, 21.74495, -9.08598],
			"rotation": {"angle": -45, "axis": "x", "origin": [8.375, 22.24495, -10.08598]},
			"faces": {
				"north": {"uv": [5.5, 11, 6, 11.5], "texture": "#0"},
				"east": {"uv": [10, 6.5, 11, 7], "texture": "#0"},
				"south": {"uv": [11, 5.5, 11.5, 6], "texture": "#0"},
				"west": {"uv": [8.5, 10, 9.5, 10.5], "texture": "#0"},
				"up": {"uv": [7, 11, 6.5, 10], "texture": "#0"},
				"down": {"uv": [8, 10, 7.5, 11], "texture": "#0"}
			}
		},
		{
			"from": [8.25, 26.96079, 7.79289],
			"to": [8.75, 29.08579, 9.91289],
			"rotation": {"angle": 45, "axis": "x", "origin": [8.5, 27.58579, 8.29289]},
			"color": 5,
			"faces": {
				"north": {"uv": [0, 0, 0.5, 8], "texture": "#missing"},
				"east": {"uv": [0, 0, 0.5, 8], "texture": "#missing"},
				"south": {"uv": [0, 0, 0.5, 8], "texture": "#missing"},
				"west": {"uv": [0, 0, 0.5, 8], "texture": "#missing"},
				"up": {"uv": [0, 0, 0.5, 8], "texture": "#missing"},
				"down": {"uv": [0, 0, 0.5, 8], "texture": "#missing"}
			}
		},
		{
			"from": [7.999, 26, 6],
			"to": [9.001, 29, 7],
			"rotation": {"angle": 45, "axis": "x", "origin": [8.5, 27.5, 7.5]},
			"faces": {
				"north": {"uv": [0.5, 9.5, 1, 11], "texture": "#0"},
				"east": {"uv": [1, 9.5, 1.5, 11], "texture": "#0"},
				"south": {"uv": [1.5, 9.5, 2, 11], "texture": "#0"},
				"west": {"uv": [9.5, 1.5, 10, 3], "texture": "#0"},
				"up": {"uv": [6.5, 11.5, 6, 11], "texture": "#0"},
				"down": {"uv": [11.5, 6, 11, 6.5], "texture": "#0"}
			}
		},
		{
			"from": [7.999, 26, 8],
			"to": [9.001, 29, 9],
			"rotation": {"angle": 45, "axis": "x", "origin": [8.5, 27.5, 7.5]},
			"faces": {
				"north": {"uv": [9.5, 3, 10, 4.5], "texture": "#0"},
				"east": {"uv": [3.5, 9.5, 4, 11], "texture": "#0"},
				"south": {"uv": [5, 9.5, 5.5, 11], "texture": "#0"},
				"west": {"uv": [5.5, 9.5, 6, 11], "texture": "#0"},
				"up": {"uv": [7, 11.5, 6.5, 11], "texture": "#0"},
				"down": {"uv": [11.5, 6.5, 11, 7], "texture": "#0"}
			}
		},
		{
			"from": [7.999, 27, 8],
			"to": [9.001, 28, 9],
			"rotation": {"angle": -45, "axis": "x", "origin": [8.5, 27.5, 7.5]},
			"faces": {
				"north": {"uv": [7, 11, 7.5, 11.5], "texture": "#0"},
				"east": {"uv": [11, 7, 11.5, 7.5], "texture": "#0"},
				"south": {"uv": [7.5, 11, 8, 11.5], "texture": "#0"},
				"west": {"uv": [11, 7.5, 11.5, 8], "texture": "#0"},
				"up": {"uv": [8.5, 11.5, 8, 11], "texture": "#0"},
				"down": {"uv": [11.5, 8, 11, 8.5], "texture": "#0"}
			}
		},
		{
			"from": [7.999, 27, 6],
			"to": [9.001, 28, 7],
			"rotation": {"angle": -45, "axis": "x", "origin": [8.5, 27.5, 7.5]},
			"faces": {
				"north": {"uv": [8.5, 11, 9, 11.5], "texture": "#0"},
				"east": {"uv": [11, 8.5, 11.5, 9], "texture": "#0"},
				"south": {"uv": [9, 11, 9.5, 11.5], "texture": "#0"},
				"west": {"uv": [11, 9, 11.5, 9.5], "texture": "#0"},
				"up": {"uv": [10, 11.5, 9.5, 11], "texture": "#0"},
				"down": {"uv": [11.5, 9.5, 11, 10], "texture": "#0"}
			}
		},
		{
			"from": [8, 27, -0.41421],
			"to": [9, 28, 6.58579],
			"rotation": {"angle": 0, "axis": "x", "origin": [8.5, 27.5, 6.08579]},
			"faces": {
				"north": {"uv": [10, 11, 10.5, 11.5], "texture": "#0"},
				"east": {"uv": [5, 2, 8.5, 2.5], "texture": "#0"},
				"south": {"uv": [11, 10, 11.5, 10.5], "texture": "#0"},
				"west": {"uv": [5, 2.5, 8.5, 3], "texture": "#0"},
				"up": {"uv": [4.5, 8.5, 4, 5], "texture": "#0"},
				"down": {"uv": [5, 5, 4.5, 8.5], "texture": "#0"}
			}
		},
		{
			"from": [8.001, 26.27269, -4.07063],
			"to": [8.999, 27.27269, -0.07063],
			"rotation": {"angle": -22.5, "axis": "x", "origin": [8.5, 26.77269, -2.07063]},
			"faces": {
				"north": {"uv": [10.5, 11, 11, 11.5], "texture": "#0"},
				"east": {"uv": [8, 5, 10, 5.5], "texture": "#0"},
				"south": {"uv": [11, 10.5, 11.5, 11], "texture": "#0"},
				"west": {"uv": [8, 6.5, 10, 7], "texture": "#0"},
				"up": {"uv": [8.5, 9, 8, 7], "texture": "#0"},
				"down": {"uv": [9, 0, 8.5, 2], "texture": "#0"}
			}
		},
		{
			"from": [8.002, 30.92269, 7.40437],
			"to": [8.998, 31.92269, 9.40437],
			"rotation": {"angle": 22.5, "axis": "x", "origin": [8.5, 26.77269, -2.07063]},
			"faces": {
				"north": {"uv": [11, 11, 11.5, 11.5], "texture": "#0"},
				"east": {"uv": [10, 9.5, 11, 10], "texture": "#0"},
				"south": {"uv": [0, 11.5, 0.5, 12], "texture": "#0"},
				"west": {"uv": [10, 10, 11, 10.5], "texture": "#0"},
				"up": {"uv": [11, 1, 10.5, 0], "texture": "#0"},
				"down": {"uv": [11, 1, 10.5, 2], "texture": "#0"}
			}
		},
		{
			"from": [7.75, 27.92269, 6.65437],
			"to": [9.25, 28.92269, 9.65437],
			"rotation": {"angle": 22.5, "axis": "x", "origin": [8.5, 26.77269, -2.07063]},
			"faces": {
				"north": {"uv": [10.5, 2, 11.5, 2.5], "texture": "#0"},
				"east": {"uv": [8.5, 4.5, 10, 5], "texture": "#0"},
				"south": {"uv": [10.5, 2.5, 11.5, 3], "texture": "#0"},
				"west": {"uv": [8.5, 5.5, 10, 6], "texture": "#0"},
				"up": {"uv": [7, 6, 6, 4.5], "texture": "#0"},
				"down": {"uv": [7, 6, 6, 7.5], "texture": "#0"}
			}
		},
		{
			"from": [7.75, 25.92269, 7.40437],
			"to": [9.25, 26.92269, 9.65437],
			"rotation": {"angle": 22.5, "axis": "x", "origin": [8.5, 26.77269, -2.07063]},
			"faces": {
				"north": {"uv": [10.5, 3, 11.5, 3.5], "texture": "#0"},
				"east": {"uv": [10.5, 3.5, 11.5, 4], "texture": "#0"},
				"south": {"uv": [10.5, 4, 11.5, 4.5], "texture": "#0"},
				"west": {"uv": [10.5, 4.5, 11.5, 5], "texture": "#0"},
				"up": {"uv": [9.5, 3, 8.5, 2], "texture": "#0"},
				"down": {"uv": [9.5, 3, 8.5, 4], "texture": "#0"}
			}
		},
		{
			"from": [8.002, 25.39769, 8.40437],
			"to": [8.998, 30.92269, 9.40437],
			"rotation": {"angle": 22.5, "axis": "x", "origin": [8.5, 26.77269, -2.07063]},
			"faces": {
				"north": {"uv": [5, 6.5, 5.5, 9.5], "texture": "#0"},
				"east": {"uv": [5.5, 6.5, 6, 9.5], "texture": "#0"},
				"south": {"uv": [7, 3, 7.5, 6], "texture": "#0"},
				"west": {"uv": [7, 6, 7.5, 9], "texture": "#0"},
				"up": {"uv": [12, 0.5, 11.5, 0], "texture": "#0"},
				"down": {"uv": [1, 11.5, 0.5, 12], "texture": "#0"}
			}
		}
	],
	"display": {
		"thirdperson_righthand": {
			"rotation": [25, 0, 0],
			"translation": [-0.5, 0, 1]
		},
		"thirdperson_lefthand": {
			"rotation": [25, 0, 0],
			"translation": [-0.5, 0, 1]
		},
		"firstperson_righthand": {
			"rotation": [-39, 6, -25],
			"translation": [0.25, 1.5, 4],
			"scale": [0.5, 0.5, 0.5]
		},
		"firstperson_lefthand": {
			"rotation": [-39, 6, -25],
			"translation": [0.25, 1.5, 4],
			"scale": [0.5, 0.5, 0.5]
		},
		"ground": {
			"rotation": [90, 90, 0],
			"translation": [0, -3.25, 0],
			"scale": [0.5, 0.5, 0.5]
		},
		"gui": {
			"rotation": [0, 90, 0],
			"translation": [3.75, -2.75, 0],
			"scale": [0.5, 0.5, 0.5]
		},
		"fixed": {
			"rotation": [0, 90, 0],
			"translation": [3, -3.25, -0.5],
			"scale": [0.5, 0.5, 0.5]
		}
	},
	"groups": [
		{
			"name": "Scythe",
			"origin": [8, 8, 8],
			"color": 0,
			"children": [
				{
					"name": "Rod",
					"origin": [8, 8, 8],
					"color": 0,
					"children": [0, 1, 2, 3, 4]
				},
				{
					"name": "Pommel",
					"origin": [0, 0, 0],
					"color": 0,
					"children": [5, 6, 7, 8]
				},
				{
					"name": "Blade",
					"origin": [8, 8, 8],
					"color": 0,
					"children": [9, 10, 11, 12, 13, 14, 15, 16, 17]
				},
				{
					"name": "Blade Holder",
					"origin": [8, 8, 8],
					"color": 2,
					"children": [18, 19, 20, 21, 22, 23, 24, 25, 26, 27]
				}
			]
		}
	]
}
