{
	"credit": "Made with Blockbench",
	"texture_size": [32, 32],
	"textures": {
		"0": "item/bep_rifle"
	},
	"elements": [
		{
			"from": [7.75, 7.25, -13],
			"to": [8.25, 7.75, 3],
			"faces": {
				"north": {"uv": [11.5, 12, 12, 12.5], "texture": "#0"},
				"east": {"uv": [12.5, 5, 12.75, 13], "rotation": 90, "texture": "#0"},
				"south": {"uv": [12, 11.5, 12.5, 12], "texture": "#0"},
				"west": {"uv": [13.5, 7.5, 14.5, 15.5], "rotation": 90, "texture": "#0"},
				"up": {"uv": [2.5, 12.5, 2, 4.5], "texture": "#0"},
				"down": {"uv": [16, 1, 15.5, 9], "texture": "#0"}
			}
		},
		{
			"from": [7.75, 7.25, -14],
			"to": [8.25, 7.75, -13.5],
			"faces": {
				"north": {"uv": [13, 5, 13.25, 5.25], "texture": "#0"},
				"east": {"uv": [12, 14, 12.25, 14.25], "texture": "#0"},
				"south": {"uv": [14, 8, 14.25, 8.25], "texture": "#0"},
				"west": {"uv": [12.5, 3, 13, 3.5], "texture": "#0"},
				"up": {"uv": [0, 0, 16, 16], "texture": "#0"},
				"down": {"uv": [13.5, 7, 13.75, 7.25], "texture": "#0"}
			}
		},
		{
			"from": [7.87, 7.37, -13.5],
			"to": [8.12, 7.62, -13],
			"faces": {
				"north": {"uv": [1.5, 12.5, 2, 13], "texture": "#0"},
				"east": {"uv": [14, 3.5, 14.5, 4], "texture": "#0"},
				"south": {"uv": [12.5, 2, 13, 2.5], "texture": "#0"},
				"west": {"uv": [13, 4, 13.5, 4.5], "texture": "#0"},
				"up": {"uv": [15, 10, 14.5, 9.5], "texture": "#0"},
				"down": {"uv": [14.5, 14.5, 14, 15], "texture": "#0"}
			}
		},
		{
			"from": [7.25, 7, 1],
			"to": [8.75, 8.5, 5],
			"rotation": {"angle": 0, "axis": "y", "origin": [0, 0, -1]},
			"faces": {
				"north": {"uv": [8.5, 3, 9.5, 4], "texture": "#0"},
				"east": {"uv": [6, 6, 8, 7], "texture": "#0"},
				"south": {"uv": [8.5, 6.5, 9.5, 7.5], "texture": "#0"},
				"west": {"uv": [8, 6.5, 10, 7.5], "texture": "#0"},
				"up": {"uv": [8.5, 8.5, 7.5, 6.5], "texture": "#0"},
				"down": {"uv": [7, 7, 6, 9], "texture": "#0"}
			}
		},
		{
			"from": [7.25, 7.5, -12],
			"to": [8.75, 8.5, 1],
			"rotation": {"angle": 0, "axis": "y", "origin": [0, -0.5, -1]},
			"faces": {
				"north": {"uv": [10, 4, 11, 4.5], "texture": "#0"},
				"east": {"uv": [5, 2, 11.5, 2.5], "texture": "#0"},
				"south": {"uv": [5, 10, 6, 10.5], "texture": "#0"},
				"west": {"uv": [5, 2.5, 11.5, 3], "texture": "#0"},
				"up": {"uv": [10, 15, 9, 8.5], "texture": "#0"},
				"down": {"uv": [7.5, 9.5, 6.5, 16], "texture": "#0"}
			}
		},
		{
			"from": [7.25, 7, 5],
			"to": [8.75, 9, 8],
			"rotation": {"angle": 0, "axis": "x", "origin": [8, 8, 6.5]},
			"faces": {
				"north": {"uv": [8.5, 7.5, 9.5, 8.5], "texture": "#0"},
				"east": {"uv": [7, 7, 8.5, 8], "texture": "#0"},
				"south": {"uv": [8.5, 8.5, 9.5, 9.5], "texture": "#0"},
				"west": {"uv": [7.5, 8, 9, 9], "texture": "#0"},
				"up": {"uv": [8.5, 4.5, 7.5, 3], "texture": "#0"},
				"down": {"uv": [6, 7.5, 5, 9], "texture": "#0"}
			}
		},
		{
			"from": [7.25, 7.11522, 7.42074],
			"to": [8.75, 8.11522, 16.42074],
			"rotation": {"angle": 22.5, "axis": "x", "origin": [8, 8.11522, 7.92074]},
			"faces": {
				"north": {"uv": [0, 10, 1, 10.5], "texture": "#0"},
				"east": {"uv": [6, 4, 10.5, 4.5], "texture": "#0"},
				"south": {"uv": [3, 10, 4, 10.5], "texture": "#0"},
				"west": {"uv": [6, 5.5, 10.5, 6], "texture": "#0"},
				"up": {"uv": [11, 15, 10, 10.5], "texture": "#0"},
				"down": {"uv": [9.25, 5.5, 8.5, 10], "texture": "#0"}
			}
		},
		{
			"from": [7.25, 8.11522, 11.42074],
			"to": [8.75, 9.86522, 16.42074],
			"rotation": {"angle": 22.5, "axis": "x", "origin": [8, 8.11522, 7.92074]},
			"faces": {
				"north": {"uv": [5, 13.5, 6, 14.5], "texture": "#0"},
				"east": {"uv": [4, 3, 6.5, 3.875], "texture": "#0"},
				"south": {"uv": [5, 9, 6, 10], "texture": "#0"},
				"west": {"uv": [4, 9.5, 6.5, 10.375], "texture": "#0"},
				"up": {"uv": [7.5, 3.5, 8.25, 6], "texture": "#0"},
				"down": {"uv": [6, 5, 5, 7.5], "texture": "#0"}
			}
		},
		{
			"from": [7.25, 7.11522, 16.42074],
			"to": [8.75, 9.86522, 16.52074],
			"rotation": {"angle": 22.5, "axis": "x", "origin": [8, 8.11522, 7.92074]},
			"faces": {
				"north": {"uv": [7.5, 8, 8.5, 9.5], "texture": "#0"},
				"east": {"uv": [13, 8.5, 13.5, 10], "texture": "#0"},
				"south": {"uv": [13, 7.5, 14.5, 9.5], "texture": "#0"},
				"west": {"uv": [14, 7, 14.5, 8.5], "texture": "#0"},
				"up": {"uv": [14, 9.5, 13, 9], "texture": "#0"},
				"down": {"uv": [14, 9, 13, 9.5], "texture": "#0"}
			}
		},
		{
			"from": [7.375, 10.3985, 5.91175],
			"to": [8.625, 11.6485, 9.16175],
			"rotation": {"angle": -22.5, "axis": "x", "origin": [16.75, 16.35665, 19.20984]},
			"faces": {
				"north": {"uv": [6.5, 5, 7.125, 5.625], "texture": "#0"},
				"east": {"uv": [8.5, 4, 10, 4.5], "texture": "#0"},
				"south": {"uv": [10, 11.5, 10.5, 12], "texture": "#0"},
				"west": {"uv": [9.5, 6.5, 11, 7], "texture": "#0"},
				"up": {"uv": [9, 14, 8.5, 12.5], "texture": "#0"},
				"down": {"uv": [4.5, 9.5, 4, 11], "texture": "#0"}
			}
		},
		{
			"from": [7.5, 7.75, -14],
			"to": [8.5, 8.75, 3],
			"faces": {
				"north": {"uv": [15.5, 15.5, 16, 16], "texture": "#0"},
				"east": {"uv": [0, 3.5, 0.5, 12], "rotation": 90, "texture": "#0"},
				"south": {"uv": [9.5, 10.5, 10, 11], "texture": "#0"},
				"west": {"uv": [2.5, 1, 3, 9.5], "rotation": 90, "texture": "#0"},
				"up": {"uv": [0.5, 12.5, 0, 0], "texture": "#0"},
				"down": {"uv": [2, 2.5, 1.5, 11], "texture": "#0"}
			}
		},
		{
			"from": [7.5, 7.75, -16],
			"to": [7.75, 8.75, -14],
			"faces": {
				"north": {"uv": [3, 10.5, 3.5, 11], "texture": "#0"},
				"east": {"uv": [2, 9, 3, 9.5], "texture": "#0"},
				"south": {"uv": [12, 9.5, 12.5, 10], "texture": "#0"},
				"west": {"uv": [1.5, 10.5, 2.5, 11], "texture": "#0"},
				"up": {"uv": [3, 5, 2.5, 4], "texture": "#0"},
				"down": {"uv": [1.5, 1.5, 1, 2.5], "texture": "#0"}
			}
		},
		{
			"from": [8.25, 7.75, -16],
			"to": [8.5, 8.75, -14],
			"rotation": {"angle": 0, "axis": "y", "origin": [-0.25, 0, 0]},
			"faces": {
				"north": {"uv": [1, 11, 1.5, 11.5], "texture": "#0"},
				"east": {"uv": [1.5, 3, 2.5, 3.5], "texture": "#0"},
				"south": {"uv": [12, 10, 12.5, 10.5], "texture": "#0"},
				"west": {"uv": [0, 10.5, 1, 11], "texture": "#0"},
				"up": {"uv": [2, 11.5, 1.5, 10.5], "texture": "#0"},
				"down": {"uv": [3.5, 10.5, 3, 11.5], "texture": "#0"}
			}
		},
		{
			"from": [7.75, 7.75, -16],
			"to": [8.25, 8, -14],
			"rotation": {"angle": 0, "axis": "y", "origin": [0.25, 0, 0]},
			"faces": {
				"north": {"uv": [0.5, 3.5, 1, 4], "texture": "#0"},
				"east": {"uv": [10.5, 3, 11.5, 3.5], "texture": "#0"},
				"south": {"uv": [12, 10.5, 12.5, 11], "texture": "#0"},
				"west": {"uv": [10.5, 3.5, 11.5, 4], "texture": "#0"},
				"up": {"uv": [4, 11.5, 3.5, 10.5], "texture": "#0"},
				"down": {"uv": [2.5, 7, 2, 8], "texture": "#0"}
			}
		},
		{
			"from": [7.75, 8.5, -16],
			"to": [8.25, 8.75, -14],
			"rotation": {"angle": 0, "axis": "y", "origin": [0.25, -0.25, 0]},
			"faces": {
				"north": {"uv": [1, 11.5, 1.5, 12], "texture": "#0"},
				"east": {"uv": [5, 10.5, 6, 11], "texture": "#0"},
				"south": {"uv": [12, 11, 12.5, 11.5], "texture": "#0"},
				"west": {"uv": [10.5, 5.5, 11.5, 6], "texture": "#0"},
				"up": {"uv": [3.5, 5, 3, 4], "texture": "#0"},
				"down": {"uv": [2.5, 2.5, 2, 3.5], "texture": "#0"}
			}
		},
		{
			"from": [7.5, 7.75, 3.5],
			"to": [8.5, 8.75, 5],
			"rotation": {"angle": 0, "axis": "y", "origin": [0, 0, 0.5]},
			"faces": {
				"north": {"uv": [9, 12, 9.5, 12.5], "texture": "#0"},
				"east": {"uv": [13.5, 3.5, 14.5, 4], "texture": "#0"},
				"south": {"uv": [12, 9, 12.5, 9.5], "texture": "#0"},
				"west": {"uv": [13, 2, 14, 2.5], "texture": "#0"},
				"up": {"uv": [12.5, 11.5, 12, 10.5], "texture": "#0"},
				"down": {"uv": [8, 10, 7.5, 11], "texture": "#0"}
			}
		},
		{
			"from": [7.4, 7.75, 3],
			"to": [8.6, 8.85, 3.5],
			"faces": {
				"north": {"uv": [2, 6.5, 2.6, 7.05], "texture": "#0"},
				"east": {"uv": [3, 5.5, 3.5, 6], "texture": "#0"},
				"south": {"uv": [1, 10, 1.6, 10.55], "texture": "#0"},
				"west": {"uv": [2.5, 3, 3, 3.5], "texture": "#0"},
				"up": {"uv": [2, 7.5, 1.5, 7], "texture": "#0"},
				"down": {"uv": [12.5, 8.5, 12, 9], "texture": "#0"}
			}
		},
		{
			"from": [7.75, 8.5, 8.11612],
			"to": [8.25, 9, 8.36612],
			"rotation": {"angle": 22.5, "axis": "x", "origin": [8, 6.23744, 3.11612]},
			"faces": {
				"north": {"uv": [1, 11, 1.5, 11.5], "texture": "#0"},
				"east": {"uv": [1.5, 6, 2, 6.5], "texture": "#0"},
				"south": {"uv": [2.5, 1, 3, 1.5], "texture": "#0"},
				"west": {"uv": [2.5, 1, 3, 1.5], "texture": "#0"},
				"up": {"uv": [12, 9.5, 11.5, 9], "texture": "#0"},
				"down": {"uv": [10, 11.5, 9.5, 12], "texture": "#0"}
			}
		},
		{
			"from": [7.875, 6.5163, 8.35498],
			"to": [8.125, 7.0163, 8.45498],
			"rotation": {"angle": 45, "axis": "x", "origin": [8, 6.7663, 8.40498]},
			"faces": {
				"north": {"uv": [1, 11, 1.5, 11.5], "texture": "#0"},
				"east": {"uv": [1.5, 2, 2, 2.5], "texture": "#0"},
				"south": {"uv": [2.5, 6.5, 3, 7], "texture": "#0"},
				"west": {"uv": [1.5, 6, 2, 6.5], "texture": "#0"},
				"up": {"uv": [12, 9.5, 11.5, 9], "texture": "#0"},
				"down": {"uv": [2, 7.5, 1.5, 8], "texture": "#0"}
			}
		},
		{
			"from": [7.75, 6.40484, 8.51546],
			"to": [8.25, 6.65484, 8.76546],
			"rotation": {"angle": -22.5, "axis": "x", "origin": [8, 6.52984, 9.01546]},
			"faces": {
				"north": {"uv": [11.5, 10, 12, 10.5], "texture": "#0"},
				"east": {"uv": [1.5, 11, 2, 11.5], "texture": "#0"},
				"south": {"uv": [11.5, 10.5, 12, 11], "texture": "#0"},
				"west": {"uv": [2, 1.5, 2.5, 2], "texture": "#0"},
				"up": {"uv": [1, 4.5, 0.5, 4], "texture": "#0"},
				"down": {"uv": [0.5, 12, 0, 12.5], "texture": "#0"}
			}
		},
		{
			"from": [7.75, 6.22301, 8.35136],
			"to": [8.25, 6.47301, 8.60136],
			"rotation": {"angle": 0, "axis": "x", "origin": [8, 6.34801, 8.60136]},
			"faces": {
				"north": {"uv": [0.5, 12, 1, 12.5], "texture": "#0"},
				"east": {"uv": [1, 12, 1.5, 12.5], "texture": "#0"},
				"south": {"uv": [1.5, 12, 2, 12.5], "texture": "#0"},
				"west": {"uv": [2.5, 1.5, 3, 2], "texture": "#0"},
				"up": {"uv": [2.5, 4, 2, 3.5], "texture": "#0"},
				"down": {"uv": [2, 2, 1.5, 2.5], "texture": "#0"}
			}
		},
		{
			"from": [7.75, 6.30917, 7.91823],
			"to": [8.25, 6.55917, 8.41823],
			"rotation": {"angle": 22.5, "axis": "x", "origin": [8, 6.43417, 8.16823]},
			"faces": {
				"north": {"uv": [12, 3.5, 12.5, 4], "texture": "#0"},
				"east": {"uv": [2, 5.5, 2.5, 6], "texture": "#0"},
				"south": {"uv": [12, 4, 12.5, 4.5], "texture": "#0"},
				"west": {"uv": [1, 5.5, 1.5, 6], "texture": "#0"},
				"up": {"uv": [3, 2, 2.5, 0.5], "texture": "#0"},
				"down": {"uv": [1.5, 10, 1, 10.5], "texture": "#0"}
			}
		},
		{
			"from": [7.75, 6.44316, 7.78423],
			"to": [8.25, 7.19316, 8.03423],
			"rotation": {"angle": -22.5, "axis": "x", "origin": [8, 6.69316, 7.90923]},
			"faces": {
				"north": {"uv": [2, 3.5, 2.5, 4], "texture": "#0"},
				"east": {"uv": [2.5, 6.5, 3, 7], "texture": "#0"},
				"south": {"uv": [2, 6, 2.5, 6.5], "texture": "#0"},
				"west": {"uv": [1.5, 2.5, 2, 3], "texture": "#0"},
				"up": {"uv": [7, 12.5, 6.5, 12], "texture": "#0"},
				"down": {"uv": [12.5, 6.5, 12, 7], "texture": "#0"}
			}
		},
		{
			"from": [7, 7.75, -10],
			"to": [8, 8.25, -9.5],
			"rotation": {"angle": -22.5, "axis": "z", "origin": [7.5, 8.5, -9.5]},
			"faces": {
				"north": {"uv": [12.5, 3, 13, 3.5], "texture": "#0"},
				"east": {"uv": [3.5, 12.5, 4, 13], "texture": "#0"},
				"south": {"uv": [12.5, 3.5, 13, 4], "texture": "#0"},
				"west": {"uv": [13, 6.5, 13.5, 7], "texture": "#0"},
				"up": {"uv": [13, 4.5, 12.5, 4], "texture": "#0"},
				"down": {"uv": [13.5, 1, 13, 1.5], "texture": "#0"}
			}
		},
		{
			"from": [7, 7.75, -9],
			"to": [8, 8.25, -8.5],
			"rotation": {"angle": -22.5, "axis": "z", "origin": [7.5, 8.5, -9.5]},
			"faces": {
				"north": {"uv": [13, 1, 13.5, 1.5], "texture": "#0"},
				"east": {"uv": [13, 0, 13.5, 0.5], "texture": "#0"},
				"south": {"uv": [12.5, 1.5, 13, 2], "texture": "#0"},
				"west": {"uv": [13, 0.5, 13.5, 1], "texture": "#0"},
				"up": {"uv": [13, 3.5, 12.5, 3], "texture": "#0"},
				"down": {"uv": [13.5, 1, 13, 1.5], "texture": "#0"}
			}
		},
		{
			"from": [7, 7.75, -8],
			"to": [8, 8.25, -7.5],
			"rotation": {"angle": -22.5, "axis": "z", "origin": [7.5, 8.5, -9.5]},
			"faces": {
				"north": {"uv": [13.5, 11, 14, 11.5], "texture": "#0"},
				"east": {"uv": [13, 1.5, 13.5, 2], "texture": "#0"},
				"south": {"uv": [13.5, 3.5, 14, 4], "texture": "#0"},
				"west": {"uv": [13, 2, 13.5, 2.5], "texture": "#0"},
				"up": {"uv": [14.5, 11, 14, 10.5], "texture": "#0"},
				"down": {"uv": [13.5, 2.5, 13, 3], "texture": "#0"}
			}
		},
		{
			"from": [7.1, 7.95, -10.1],
			"to": [7.35, 8.2, -7.4],
			"rotation": {"angle": -22.5, "axis": "z", "origin": [7.26903, 8.59567, -9.5]},
			"faces": {
				"north": {"uv": [13, 13.5, 13.5, 14], "texture": "#0"},
				"east": {"uv": [14.5, 6, 16, 6.5], "texture": "#0"},
				"south": {"uv": [13, 3, 13.5, 3.5], "texture": "#0"},
				"west": {"uv": [13, 2, 14.5, 2.5], "texture": "#0"},
				"up": {"uv": [15, 10, 14.5, 8.5], "texture": "#0"},
				"down": {"uv": [14, 7.5, 13.5, 9], "texture": "#0"}
			}
		},
		{
			"from": [7.37799, 7.25, 2.37024],
			"to": [9.37799, 8.25, 2.87024],
			"rotation": {"angle": -22.5, "axis": "y", "origin": [9.74465, 7.93333, 2.62024]},
			"faces": {
				"north": {"uv": [0, 12.5, 2, 13.5], "texture": "#0"},
				"east": {"uv": [12.5, 4.5, 13, 5], "texture": "#0"},
				"south": {"uv": [1, 13.5, 3, 14.5], "texture": "#0"},
				"west": {"uv": [5, 12.5, 5.5, 13], "texture": "#0"},
				"up": {"uv": [11.5, 10, 10.5, 9.5], "texture": "#0"},
				"down": {"uv": [2.5, 15.5, 0.5, 16], "texture": "#0"}
			}
		},
		{
			"from": [7.37799, 8.25, 2.37024],
			"to": [9.47799, 8.35, 2.87024],
			"rotation": {"angle": -22.5, "axis": "y", "origin": [9.74465, 7.93333, 2.62024]},
			"faces": {
				"north": {"uv": [14.5, 8, 15.5, 8.5], "texture": "#0"},
				"east": {"uv": [12.5, 5, 13, 5.5], "texture": "#0"},
				"south": {"uv": [12, 0.5, 13, 1], "texture": "#0"},
				"west": {"uv": [5.5, 12.5, 6, 13], "texture": "#0"},
				"up": {"uv": [14.5, 7.5, 13.5, 7], "texture": "#0"},
				"down": {"uv": [12, 4, 11, 4.5], "texture": "#0"}
			}
		},
		{
			"from": [9.37799, 7.25, 2.37024],
			"to": [9.47799, 8.25, 2.87024],
			"rotation": {"angle": -22.5, "axis": "y", "origin": [9.74465, 7.93333, 2.62024]},
			"faces": {
				"north": {"uv": [12.5, 5.5, 13, 6], "texture": "#0"},
				"east": {"uv": [12, 8, 12.5, 8.5], "texture": "#0"},
				"south": {"uv": [12.5, 6, 13, 6.5], "texture": "#0"},
				"west": {"uv": [6.5, 12.5, 7, 13], "texture": "#0"},
				"up": {"uv": [13, 7, 12.5, 6.5], "texture": "#0"},
				"down": {"uv": [14, 4, 13.5, 4.5], "texture": "#0"}
			}
		},
		{
			"from": [7.37799, 7.25, 3.37024],
			"to": [9.37799, 8.25, 3.87024],
			"rotation": {"angle": -22.5, "axis": "y", "origin": [9.74465, 7.93333, 3.62024]},
			"faces": {
				"north": {"uv": [0.5, 13, 2.5, 14], "texture": "#0"},
				"east": {"uv": [12.5, 7, 13, 7.5], "texture": "#0"},
				"south": {"uv": [2, 12.5, 4, 13.5], "texture": "#0"},
				"west": {"uv": [7.5, 12.5, 8, 13], "texture": "#0"},
				"up": {"uv": [12, 5.5, 11, 5], "texture": "#0"},
				"down": {"uv": [3, 14, 1, 14.5], "texture": "#0"}
			}
		},
		{
			"from": [7.37799, 8.25, 3.37024],
			"to": [9.47799, 8.35, 3.87024],
			"rotation": {"angle": -22.5, "axis": "y", "origin": [9.74465, 7.93333, 3.62024]},
			"faces": {
				"north": {"uv": [13, 4, 14, 4.5], "texture": "#0"},
				"east": {"uv": [12.5, 7.5, 13, 8], "texture": "#0"},
				"south": {"uv": [11.5, 5, 12.5, 5.5], "texture": "#0"},
				"west": {"uv": [8, 12.5, 8.5, 13], "texture": "#0"},
				"up": {"uv": [15, 6, 14, 5.5], "texture": "#0"},
				"down": {"uv": [12, 7.5, 11, 8], "texture": "#0"}
			}
		},
		{
			"from": [9.37799, 7.25, 3.37024],
			"to": [9.47799, 8.25, 3.87024],
			"rotation": {"angle": -22.5, "axis": "y", "origin": [9.74465, 7.93333, 3.62024]},
			"faces": {
				"north": {"uv": [12.5, 8, 13, 8.5], "texture": "#0"},
				"east": {"uv": [13.5, 7.5, 14, 8], "texture": "#0"},
				"south": {"uv": [12.5, 8.5, 13, 9], "texture": "#0"},
				"west": {"uv": [9, 12.5, 9.5, 13], "texture": "#0"},
				"up": {"uv": [13, 9.5, 12.5, 9], "texture": "#0"},
				"down": {"uv": [13.5, 4, 13, 4.5], "texture": "#0"}
			}
		},
		{
			"from": [7.37799, 7.25, 4.37024],
			"to": [9.37799, 8.25, 4.87024],
			"rotation": {"angle": -22.5, "axis": "y", "origin": [9.74465, 7.93333, 4.62024]},
			"faces": {
				"north": {"uv": [0, 15, 2, 16], "texture": "#0"},
				"east": {"uv": [12.5, 9.5, 13, 10], "texture": "#0"},
				"south": {"uv": [2, 15, 4, 16], "texture": "#0"},
				"west": {"uv": [10, 12.5, 10.5, 13], "texture": "#0"},
				"up": {"uv": [12, 9, 11, 8.5], "texture": "#0"},
				"down": {"uv": [3, 14, 1, 14.5], "texture": "#0"}
			}
		},
		{
			"from": [7.37799, 8.25, 4.37024],
			"to": [9.47799, 8.35, 4.87024],
			"rotation": {"angle": -22.5, "axis": "y", "origin": [9.74465, 7.93333, 4.62024]},
			"faces": {
				"north": {"uv": [13, 9.5, 14, 10], "texture": "#0"},
				"east": {"uv": [12.5, 10, 13, 10.5], "texture": "#0"},
				"south": {"uv": [14, 3, 15, 3.5], "texture": "#0"},
				"west": {"uv": [10.5, 12.5, 11, 13], "texture": "#0"},
				"up": {"uv": [14.5, 3.5, 13.5, 3], "texture": "#0"},
				"down": {"uv": [2, 11.5, 1, 12], "texture": "#0"}
			}
		},
		{
			"from": [9.37799, 7.25, 4.37024],
			"to": [9.47799, 8.25, 4.87024],
			"rotation": {"angle": -22.5, "axis": "y", "origin": [9.74465, 7.93333, 4.62024]},
			"faces": {
				"north": {"uv": [12.5, 10.5, 13, 11], "texture": "#0"},
				"east": {"uv": [12.5, 9.5, 13, 10], "texture": "#0"},
				"south": {"uv": [12.5, 11, 13, 11.5], "texture": "#0"},
				"west": {"uv": [11.5, 12.5, 12, 13], "texture": "#0"},
				"up": {"uv": [13, 12, 12.5, 11.5], "texture": "#0"},
				"down": {"uv": [12.5, 12.5, 12, 13], "texture": "#0"}
			}
		},
		{
			"from": [7.15, 7.25, 1.5],
			"to": [7.25, 8.25, 7.5],
			"rotation": {"angle": 0, "axis": "y", "origin": [10.51667, 8.18333, 4.75]},
			"faces": {
				"north": {"uv": [12.5, 12, 13, 12.5], "texture": "#0"},
				"east": {"uv": [7.5, 4.5, 10.5, 5], "texture": "#0"},
				"south": {"uv": [12.5, 12.5, 13, 13], "texture": "#0"},
				"west": {"uv": [12, 15, 15, 15.5], "texture": "#0"},
				"up": {"uv": [13.5, 4.5, 13, 1.5], "texture": "#0"},
				"down": {"uv": [12, 0, 11.5, 3], "texture": "#0"}
			}
		},
		{
			"from": [8.75, 7.25, 5.5],
			"to": [8.85, 8.75, 7.5],
			"rotation": {"angle": 0, "axis": "y", "origin": [10.11667, 8.43333, 4.25]},
			"faces": {
				"north": {"uv": [14, 4, 14.5, 5], "texture": "#0"},
				"east": {"uv": [13.5, 5, 14.5, 5.75], "texture": "#0"},
				"south": {"uv": [12, 4.5, 12.5, 5.5], "texture": "#0"},
				"west": {"uv": [9.5, 3, 10.5, 4], "texture": "#0"},
				"up": {"uv": [12, 4, 11.5, 3], "texture": "#0"},
				"down": {"uv": [14.5, 3.5, 14, 4.5], "texture": "#0"}
			}
		},
		{
			"from": [7.5, 7.75, 5.5],
			"to": [8.5, 8.75, 7],
			"rotation": {"angle": -22.5, "axis": "x", "origin": [8, 9.25, 5.25]},
			"faces": {
				"north": {"uv": [3.5, 13, 4, 13.5], "texture": "#0"},
				"east": {"uv": [13, 2.5, 14, 3], "texture": "#0"},
				"south": {"uv": [13, 3.5, 13.5, 4], "texture": "#0"},
				"west": {"uv": [12, 0.5, 13, 1], "texture": "#0"},
				"up": {"uv": [13.5, 6, 13, 5], "texture": "#0"},
				"down": {"uv": [8, 11.5, 7.5, 12.5], "texture": "#0"}
			}
		},
		{
			"from": [7.6, 7.55866, 7.03806],
			"to": [8.4, 8.45866, 7.13806],
			"rotation": {"angle": -22.5, "axis": "x", "origin": [8, 9.05866, 4.78806]},
			"faces": {
				"north": {"uv": [4, 13, 4.5, 13.5], "texture": "#0"},
				"east": {"uv": [15, 15.5, 15.5, 16], "texture": "#0"},
				"south": {"uv": [15, 15.5, 15.5, 16], "texture": "#0"},
				"west": {"uv": [15, 15.5, 15.5, 16], "texture": "#0"},
				"up": {"uv": [15.5, 16, 15, 15.5], "texture": "#0"},
				"down": {"uv": [13.5, 5, 13, 5.5], "texture": "#0"}
			}
		}
	],
	"display": {
		"thirdperson_righthand": {
			"rotation": [0, -3, 0],
			"translation": [-1.25, 0, -1.25]
		},
		"thirdperson_lefthand": {
			"rotation": [0, -4, 0],
			"translation": [-1.5, 0, -1]
		},
		"firstperson_righthand": {
			"rotation": [-7, -13, 22],
			"translation": [5.75, 3.25, 5.5]
		},
		"firstperson_lefthand": {
			"rotation": [-5, -10, 15],
			"translation": [8.25, 2.75, 4.5]
		},
		"ground": {
			"translation": [0, 0, 10]
		},
		"gui": {
			"rotation": [-101, -27, -95],
			"translation": [-1.5, 3.25, 0],
			"scale": [0.5, 0.5, 0.5]
		},
		"fixed": {
			"rotation": [-89, 36, 89],
			"translation": [3.5, 5, -0.5],
			"scale": [0.75, 0.75, 0.75]
		}
	},
	"groups": [
		{
			"name": "Underbarrel",
			"origin": [0, 0, 0],
			"color": 0,
			"children": [0, 1, 2]
		},
		{
			"name": "Body",
			"origin": [8, 8.42597, 7.38582],
			"color": 0,
			"children": [3, 4, 5, 6, 7, 8, 9]
		},
		{
			"name": "Barrel",
			"origin": [0, 0, 0],
			"color": 0,
			"children": [10, 11, 12, 13, 14, 15, 16]
		},
		{
			"name": "Trigger",
			"origin": [8, 8, 8],
			"color": 0,
			"children": [17, 18, 19, 20, 21, 22]
		},
		{
			"name": "Front Bit",
			"origin": [8, 8, 8],
			"color": 0,
			"children": [23, 24, 25, 26]
		},
		{
			"name": "Power Cells",
			"origin": [8, 8, 8],
			"color": 0,
			"children": [27, 28, 29]
		},
		{
			"name": "Power Cells",
			"origin": [8, 8, 8],
			"color": 0,
			"children": [30, 31, 32]
		},
		{
			"name": "Power Cells",
			"origin": [8, 8, 8],
			"color": 0,
			"children": [33, 34, 35]
		},
		{
			"name": "Components",
			"origin": [10.51667, 8.18333, 4.75],
			"color": 0,
			"children": [36, 37]
		}, 38, 39]
}