{
	"credit": "Made with Blockbench",
	"textures": {
		"0": "item/bep_dwarf_battleaxe"
	},
	"elements": [
		{
			"from": [7.4, 0, 7.4],
			"to": [8.6, 16, 8.6],
			"faces": {
				"north": {"uv": [15.1, 0.075, 14.1, 12.075], "texture": "#0"},
				"east": {"uv": [16, 0, 15, 12], "texture": "#0"},
				"south": {"uv": [15, 0, 16, 12], "texture": "#0"},
				"west": {"uv": [14.8, 0, 16, 12], "texture": "#0"},
				"up": {"uv": [16, 3, 15, 2], "texture": "#0"},
				"down": {"uv": [15, 0, 14, 1], "texture": "#0"}
			}
		},
		{
			"from": [7.25, -1, 7.25],
			"to": [8.75, 0, 8.75],
			"shade": false,
			"faces": {
				"north": {"uv": [4.4, 12.98, 2.9, 13.98], "texture": "#0"},
				"east": {"uv": [7.4, 13.98, 5.9, 14.98], "texture": "#0"},
				"south": {"uv": [10.4, 12.98, 8.9, 13.98], "texture": "#0"},
				"west": {"uv": [7.4, 12.98, 5.9, 13.98], "texture": "#0"},
				"up": {"uv": [4.9, 14.48, 6.4, 12.98], "texture": "#0"},
				"down": {"uv": [2.9, 12.98, 4.4, 14.48], "texture": "#0"}
			}
		},
		{
			"from": [7.35, -1.25, 7.35],
			"to": [8.65, -1, 8.65],
			"shade": false,
			"faces": {
				"north": {"uv": [3.38, 14.1, 2.08, 14.35], "texture": "#0"},
				"east": {"uv": [8.38, 13.1, 7.08, 13.35], "texture": "#0"},
				"south": {"uv": [13.38, 13.1, 12.08, 13.35], "texture": "#0"},
				"west": {"uv": [9.38, 13.1, 8.08, 13.35], "texture": "#0"},
				"up": {"uv": [1.08, 14.4, 2.38, 13.1], "texture": "#0"},
				"down": {"uv": [13, 13.1, 14.3, 14.4], "texture": "#0"}
			}
		},
		{
			"from": [7.25, 17, 7.25],
			"to": [8.75, 23.75, 8.75],
			"faces": {
				"north": {"uv": [6.64, 13, 13.39, 14.5], "rotation": 90, "texture": "#0"},
				"east": {"uv": [6.64, 12.75, 13.39, 14.25], "rotation": 90, "texture": "#0"},
				"south": {"uv": [1, 13, 7.75, 14.5], "rotation": 90, "texture": "#0"},
				"west": {"uv": [5.5, 12.5, 12.25, 14], "rotation": 90, "texture": "#0"},
				"up": {"uv": [8.14, 13.8, 6.64, 12.3], "texture": "#0"},
				"down": {"uv": [4.14, 13.3, 2.64, 14.8], "texture": "#0"}
			}
		},
		{
			"from": [7.3, 15.96339, 7.29905],
			"to": [8.7, 17.21339, 8.69905],
			"shade": false,
			"rotation": {"angle": 0, "axis": "y", "origin": [8, 16.83839, 8.12405]},
			"faces": {
				"north": {"uv": [3.32, 13.2, 1.92, 14.45], "texture": "#0"},
				"east": {"uv": [4.32, 13.2, 2.92, 14.45], "texture": "#0"},
				"south": {"uv": [4.32, 12.2, 2.92, 13.45], "texture": "#0"},
				"west": {"uv": [2, 13, 3.4, 14.25], "texture": "#0"},
				"up": {"uv": [5.92, 14.6, 7.32, 13.2], "texture": "#0"},
				"down": {"uv": [5.92, 13.2, 7.32, 14.6], "texture": "#0"}
			}
		},
		{
			"from": [7.35, -0.03661, 7.59905],
			"to": [8.65, 17.21339, 8.39905],
			"rotation": {"angle": 0, "axis": "y", "origin": [8, 16.83839, 8.12405]},
			"faces": {
				"north": {"uv": [-1, 15, 16, 16], "rotation": 90, "texture": "#0"},
				"east": {"uv": [0, 15.2, 16, 16], "rotation": 90, "texture": "#0"},
				"south": {"uv": [0, 15.05, 16, 16], "rotation": 90, "texture": "#0"},
				"west": {"uv": [0, 15.2, 16, 16], "rotation": 90, "texture": "#0"},
				"up": {"uv": [1.3, 15.2, 0, 16], "texture": "#0"},
				"down": {"uv": [9.3, 15.2, 8, 16], "texture": "#0"}
			}
		},
		{
			"from": [7.7, 17, 2],
			"to": [8.3, 25, 5],
			"faces": {
				"north": {"uv": [12.185, 0.775, 12.46, 8.85], "texture": "#0"},
				"east": {"uv": [9.51, 0.775, 12.485, 8.775], "texture": "#0"},
				"south": {"uv": [4.96, 1.2, 5.56, 9.2], "texture": "#0"},
				"west": {"uv": [9.5, 0.325, 12.45, 8.325], "rotation": 180, "texture": "#0"},
				"up": {"uv": [12.785, 2.05, 9.81, 2.65], "rotation": 90, "texture": "#0"},
				"down": {"uv": [9.485, 4.35, 12.485, 4.95], "rotation": 90, "texture": "#0"}
			}
		},
		{
			"from": [7.8, 14.4197, 3.10999],
			"to": [8.2, 17.4197, 5.45999],
			"rotation": {"angle": -22.5, "axis": "x", "origin": [8, 14.4197, 3.60999]},
			"faces": {
				"north": {"uv": [12.15, 3.4, 12.45, 6.4], "texture": "#0"},
				"east": {"uv": [9.825, 5.25, 12.15, 8.25], "texture": "#0"},
				"south": {"uv": [3, 1.35, 3.4, 4.35], "texture": "#0"},
				"west": {"uv": [9.775, 6.125, 12.125, 9.125], "rotation": 180, "texture": "#0"},
				"up": {"uv": [2, 4.7, 2.4, 2.35], "texture": "#0"},
				"down": {"uv": [9.775, 3.625, 12.125, 4.025], "rotation": 90, "texture": "#0"}
			}
		},
		{
			"from": [7.9, 14.0197, 2.10999],
			"to": [8.1, 17.4197, 3.20999],
			"rotation": {"angle": -22.5, "axis": "x", "origin": [8, 14.4197, 2.60999]},
			"faces": {
				"north": {"uv": [13.2, 2.1, 13.4, 5.5], "texture": "#0"},
				"east": {"uv": [12.325, 4.125, 13.425, 7.525], "texture": "#0"},
				"south": {"uv": [5.4, 2.625, 5.6, 6.025], "texture": "#0"},
				"west": {"uv": [12.325, 2.95, 13.425, 6.35], "rotation": 180, "texture": "#0"},
				"up": {"uv": [1, 2.2, 1.2, 1.1], "texture": "#0"},
				"down": {"uv": [12.5, 6.025, 13.6, 6.225], "rotation": 90, "texture": "#0"}
			}
		},
		{
			"from": [7.8, 17, 1],
			"to": [8.2, 25, 2],
			"rotation": {"angle": 0, "axis": "y", "origin": [0, 0, -1]},
			"faces": {
				"north": {"uv": [13.155, 0.7, 13.405, 8.675], "texture": "#0"},
				"east": {"uv": [12.18, 0.525, 13.105, 8.525], "texture": "#0"},
				"south": {"uv": [9.08, 0.4, 9.48, 8.4], "texture": "#0"},
				"west": {"uv": [12.5, 1.55, 13.425, 9.55], "rotation": 180, "texture": "#0"},
				"up": {"uv": [13.105, 6.05, 12.18, 6.45], "rotation": 90, "texture": "#0"},
				"down": {"uv": [12.18, 5, 13.105, 5.4], "rotation": 90, "texture": "#0"}
			}
		},
		{
			"from": [7.9, 17, 0.5],
			"to": [8.1, 25, 1.5],
			"rotation": {"angle": 0, "axis": "y", "origin": [0, 0, -1.5]},
			"faces": {
				"north": {"uv": [13.7, 1.6, 13.9, 9.6], "texture": "#0"},
				"east": {"uv": [13, 1.92, 14, 9.92], "texture": "#0"},
				"south": {"uv": [0, 0, 0.2, 8], "texture": "#0"},
				"west": {"uv": [13, 0, 14, 8], "rotation": 180, "texture": "#0"},
				"up": {"uv": [12.9, 5, 13.9, 5.2], "rotation": 270, "texture": "#0"},
				"down": {"uv": [12.85, 1.1, 13.85, 1.3], "rotation": 90, "texture": "#0"}
			}
		},
		{
			"from": [7.95, 13.8197, 1.60999],
			"to": [8.05, 17.4197, 2.70999],
			"rotation": {"angle": -22.5, "axis": "x", "origin": [7.95, 14.4197, 2.10999]},
			"faces": {
				"north": {"uv": [13.8, 5.1, 13.9, 8.7], "texture": "#0"},
				"east": {"uv": [12.95, 0.2, 14.05, 3.8], "texture": "#0"},
				"south": {"uv": [13.9, 3.1, 14, 6.7], "texture": "#0"},
				"west": {"uv": [12.9, 4.35, 14, 7.95], "rotation": 180, "texture": "#0"},
				"up": {"uv": [14.1, 5.1, 13, 5.2], "rotation": 90, "texture": "#0"},
				"down": {"uv": [12.975, 5.125, 14.075, 5.225], "rotation": 90, "texture": "#0"}
			}
		},
		{
			"from": [7.925, 24.08388, 1.6117],
			"to": [8.075, 26.18388, 2.7117],
			"rotation": {"angle": 45, "axis": "x", "origin": [8, 25.88388, 2.1617]},
			"faces": {
				"north": {"uv": [13.8, 3.9, 13.95, 6], "texture": "#0"},
				"east": {"uv": [12.975, 4.1, 14.075, 6.2], "texture": "#0"},
				"south": {"uv": [7, 4.1, 7.15, 6.2], "texture": "#0"},
				"west": {"uv": [12.95, 4.15, 14.05, 6.25], "rotation": 180, "texture": "#0"},
				"up": {"uv": [13.75, 5.7, 13.9, 4.6], "texture": "#0"},
				"down": {"uv": [13.8, 4.2, 13.95, 5.3], "texture": "#0"}
			}
		},
		{
			"from": [7.9, 25.06199, 1.75161],
			"to": [8.1, 26.41199, 5.10161],
			"rotation": {"angle": 22.5, "axis": "x", "origin": [8, 25.86199, 2.05161]},
			"faces": {
				"north": {"uv": [13.5, 6.35, 13.7, 7.7], "texture": "#0"},
				"east": {"uv": [10.5, 5.175, 13.85, 6.525], "texture": "#0"},
				"south": {"uv": [6, 3.35, 6.2, 4.7], "texture": "#0"},
				"west": {"uv": [10.5, 3.1, 13.85, 4.45], "rotation": 180, "texture": "#0"},
				"up": {"uv": [13.85, 3.1, 10.5, 3.3], "rotation": 90, "texture": "#0"},
				"down": {"uv": [10.725, 5.725, 14.075, 5.925], "rotation": 90, "texture": "#0"}
			}
		},
		{
			"from": [7.8, 15.4, 11],
			"to": [8.2, 22.4, 13],
			"rotation": {"angle": 0, "axis": "y", "origin": [8, 21, 12]},
			"faces": {
				"north": {"uv": [4, 1.04, 4.4, 8.04], "texture": "#0"},
				"east": {"uv": [5.8, 1.04, 7.8, 8.04], "texture": "#0"},
				"south": {"uv": [6.8, 2.04, 7.2, 9.04], "texture": "#0"},
				"west": {"uv": [1.8, 1.04, 3.8, 8.04], "texture": "#0"},
				"up": {"uv": [6.8, 3.04, 7.2, 1.04], "texture": "#0"},
				"down": {"uv": [13.8, 3.04, 14.2, 5.04], "texture": "#0"}
			}
		},
		{
			"from": [7.825, 13.74462, 11.51746],
			"to": [8.175, 15.74462, 13.26746],
			"rotation": {"angle": 22.5, "axis": "x", "origin": [8, 16.24462, 12.26746]},
			"faces": {
				"north": {"uv": [5.112, 5.782, 5.462, 7.782], "texture": "#0"},
				"east": {"uv": [6.112, 4.782, 7.862, 6.782], "texture": "#0"},
				"south": {"uv": [11.112, 5.782, 11.462, 7.782], "texture": "#0"},
				"west": {"uv": [9.112, 5.782, 10.862, 7.782], "texture": "#0"},
				"up": {"uv": [3.112, 6.532, 3.462, 4.782], "texture": "#0"},
				"down": {"uv": [10.112, 4.782, 10.462, 6.532], "texture": "#0"}
			}
		},
		{
			"from": [7.6, 22.29289, 5.70711],
			"to": [8.4, 23.79289, 12.20711],
			"rotation": {"angle": 22.5, "axis": "x", "origin": [8, 20.79289, 5.70711]},
			"faces": {
				"north": {"uv": [10.96, 12.5, 11.76, 14], "texture": "#0"},
				"east": {"uv": [0.96, 12.5, 7.46, 14], "texture": "#0"},
				"south": {"uv": [4.5, 13.2, 6, 14], "rotation": 90, "texture": "#0"},
				"west": {"uv": [6.25, 13, 12.75, 14.5], "texture": "#0"},
				"up": {"uv": [14, 12.56, 7.5, 13.36], "rotation": 90, "texture": "#0"},
				"down": {"uv": [0.96, 13.5, 7.46, 14.3], "rotation": 90, "texture": "#0"}
			}
		},
		{
			"from": [7.65, 22.06453, 2.35516],
			"to": [8.35, 23.56453, 6.85516],
			"rotation": {"angle": 0, "axis": "y", "origin": [8, 22.81453, 3.60516]},
			"faces": {
				"north": {"uv": [1.22, 12.5, 1.92, 14], "texture": "#0"},
				"east": {"uv": [0.72, 12.75, 5.22, 14.25], "texture": "#0"},
				"south": {"uv": [6.22, 12.5, 6.92, 14], "texture": "#0"},
				"west": {"uv": [1.22, 12.5, 5.72, 14], "texture": "#0"},
				"up": {"uv": [13.72, 12.78, 9.22, 13.48], "rotation": 90, "texture": "#0"},
				"down": {"uv": [11.22, 12.78, 15.72, 13.48], "rotation": 90, "texture": "#0"}
			}
		},
		{
			"from": [7.675, 18.29782, 3.1591],
			"to": [8.325, 22.52282, 4.6591],
			"rotation": {"angle": -22.5, "axis": "x", "origin": [8, 20.27282, 3.9091]},
			"faces": {
				"north": {"uv": [2.775, 13.3, 7, 13.95], "rotation": 90, "texture": "#0"},
				"east": {"uv": [6.455, 13, 10.68, 14.5], "rotation": 90, "texture": "#0"},
				"south": {"uv": [7, 13.3, 11.225, 13.95], "rotation": 90, "texture": "#0"},
				"west": {"uv": [7.205, 13.025, 11.43, 14.525], "rotation": 90, "texture": "#0"},
				"up": {"uv": [11.455, 13.8, 12.105, 12.3], "texture": "#0"},
				"down": {"uv": [14.455, 12.3, 15.105, 13.8], "texture": "#0"}
			}
		},
		{
			"from": [7.675, 18.25626, 3.9159],
			"to": [8.325, 19.75626, 12.4159],
			"rotation": {"angle": -22.5, "axis": "x", "origin": [8, 19.10626, 7.9159]},
			"faces": {
				"north": {"uv": [1, 12.5, 1.65, 14], "texture": "#0"},
				"east": {"uv": [6.25, 12.75, 14.75, 14.25], "texture": "#0"},
				"south": {"uv": [4, 13, 4.65, 14.5], "texture": "#0"},
				"west": {"uv": [2.5, 13, 11, 14.5], "texture": "#0"},
				"up": {"uv": [9, 13, 0.5, 13.65], "rotation": 90, "texture": "#0"},
				"down": {"uv": [3, 14.25, 11.5, 14.9], "rotation": 90, "texture": "#0"}
			}
		},
		{
			"from": [7.7, 14.61722, 10.10658],
			"to": [8.3, 19.36722, 11.60658],
			"rotation": {"angle": -22.5, "axis": "x", "origin": [8, 16.99222, 10.85658]},
			"faces": {
				"north": {"uv": [2.25, 13, 7, 13.6], "rotation": 90, "texture": "#0"},
				"east": {"uv": [2, 12.75, 6.75, 14.25], "rotation": 90, "texture": "#0"},
				"south": {"uv": [8, 13, 12.75, 13.6], "rotation": 90, "texture": "#0"},
				"west": {"uv": [1.25, 12.5, 6, 14], "rotation": 90, "texture": "#0"},
				"up": {"uv": [7.75, 12.62, 6.25, 13.22], "rotation": 90, "texture": "#0"},
				"down": {"uv": [3.25, 12.62, 3.85, 14.12], "texture": "#0"}
			}
		},
		{
			"from": [7.35, 22.96339, 7.64905],
			"to": [8.65, 24.01339, 8.69905],
			"rotation": {"angle": 45, "axis": "x", "origin": [8, 23.83839, 8.39905]},
			"faces": {
				"north": {"uv": [2.16, 12.17, 3.46, 13.22], "texture": "#0"},
				"east": {"uv": [14.16, 12.17, 15.21, 13.22], "texture": "#0"},
				"south": {"uv": [8.16, 13.17, 9.46, 14.22], "texture": "#0"},
				"west": {"uv": [6.16, 13.17, 7.21, 14.22], "texture": "#0"},
				"up": {"uv": [6.46, 14.22, 5.16, 13.17], "texture": "#0"},
				"down": {"uv": [3.46, 13.17, 2.16, 14.22], "texture": "#0"}
			}
		},
		{
			"from": [7, 17.25, 7.5],
			"to": [9, 18.25, 8.5],
			"shade": false,
			"rotation": {"angle": 45, "axis": "x", "origin": [8, 17.75, 8]},
			"faces": {
				"north": {"uv": [3.08, 11.06, 1.08, 12.06], "texture": "#0"},
				"east": {"uv": [4.08, 11.06, 3.08, 12.06], "texture": "#0"},
				"south": {"uv": [6.08, 11.06, 4.08, 12.06], "texture": "#0"},
				"west": {"uv": [1.08, 11.06, 0.08, 12.06], "texture": "#0"},
				"up": {"uv": [1.08, 11.06, 3.08, 10.06], "texture": "#0"},
				"down": {"uv": [3.08, 10.06, 5.08, 11.06], "texture": "#0"}
			}
		},
		{
			"from": [7, 20.75, 7.5],
			"to": [9, 21.75, 8.5],
			"shade": false,
			"rotation": {"angle": 45, "axis": "x", "origin": [8, 21.25, 8]},
			"faces": {
				"north": {"uv": [7.43, 10.99, 5.43, 11.99], "texture": "#0"},
				"east": {"uv": [8.43, 10.99, 7.43, 11.99], "texture": "#0"},
				"south": {"uv": [10.43, 10.99, 8.43, 11.99], "texture": "#0"},
				"west": {"uv": [5.43, 10.99, 4.43, 11.99], "texture": "#0"},
				"up": {"uv": [5.43, 10.99, 7.43, 9.99], "texture": "#0"},
				"down": {"uv": [7.43, 9.99, 9.43, 10.99], "texture": "#0"}
			}
		},
		{
			"from": [7, 19, 7.5],
			"to": [9, 20, 8.5],
			"shade": false,
			"rotation": {"angle": 45, "axis": "x", "origin": [8, 19.5, 8]},
			"faces": {
				"north": {"uv": [9.96, 10.95, 7.96, 11.95], "texture": "#0"},
				"east": {"uv": [10.96, 10.95, 9.96, 11.95], "texture": "#0"},
				"south": {"uv": [12.96, 10.95, 10.96, 11.95], "texture": "#0"},
				"west": {"uv": [7.96, 10.95, 6.96, 11.95], "texture": "#0"},
				"up": {"uv": [7.96, 10.95, 9.96, 9.95], "texture": "#0"},
				"down": {"uv": [9.96, 9.95, 11.96, 10.95], "texture": "#0"}
			}
		},
		{
			"from": [7, 22.5, 7.5],
			"to": [9, 23.5, 8.5],
			"shade": false,
			"rotation": {"angle": 45, "axis": "x", "origin": [8, 23, 8]},
			"faces": {
				"north": {"uv": [7.21, 10.88, 5.21, 11.88], "texture": "#0"},
				"east": {"uv": [8.21, 10.88, 7.21, 11.88], "texture": "#0"},
				"south": {"uv": [10.21, 10.88, 8.21, 11.88], "texture": "#0"},
				"west": {"uv": [5.21, 10.88, 4.21, 11.88], "texture": "#0"},
				"up": {"uv": [5.21, 10.88, 7.21, 9.88], "texture": "#0"},
				"down": {"uv": [7.21, 9.88, 9.21, 10.88], "texture": "#0"}
			}
		}
	],
	"display": {
		"thirdperson_righthand": {
			"translation": [0, 1.5, 0]
		},
		"thirdperson_lefthand": {
			"translation": [0, 1.5, 0]
		},
		"firstperson_righthand": {
			"rotation": [-20, 0, 0],
			"translation": [5, -5, 0]
		},
		"firstperson_lefthand": {
			"rotation": [-20, 0, 0],
			"translation": [5, -5, 0]
		},
		"ground": {
			"rotation": [56, 0, 0],
			"translation": [0, 2, 0]
		},
		"gui": {
			"rotation": [90, 45, -90],
			"translation": [-2, -4.25, 0],
			"scale": [0.8, 0.8, 0.8]
		},
		"fixed": {
			"rotation": [90, -45, 90],
			"translation": [1.75, -4.25, 0],
			"scale": [0.8, 0.8, 0.8]
		}
	},
	"groups": [
		{
			"name": "Handle",
			"origin": [8, 8, 8],
			"color": 0,
			"children": [0, 1, 2, 3, 4, 5]
		},
		{
			"name": "Blade",
			"origin": [8, 8, 8],
			"color": 0,
			"children": [6, 7, 8, 9, 10, 11, 12, 13, 14, 15]
		},
		{
			"name": "Axe Head Area",
			"origin": [8, 8, 8],
			"color": 0,
			"children": [16, 17, 18, 19, 20, 21]
		},
		{
			"name": "Gems",
			"origin": [8, 8, 8],
			"color": 0,
			"children": [22, 23, 24, 25]
		}
	]
}