{
	"credit": "Made with Blockbench",
	"textures": {
		"0": "item/bep_dwarf_hammer"
	},
	"elements": [
		{
			"from": [7.4, 0, 7.4],
			"to": [8.6, 7, 8.6],
			"faces": {
				"north": {"uv": [1.6, 13.76, 12.8, 14.72], "rotation": 90, "texture": "#0"},
				"east": {"uv": [1.28, 13.12, 12.48, 14.08], "rotation": 90, "texture": "#0"},
				"south": {"uv": [1.6, 13.76, 12.8, 14.72], "rotation": 90, "texture": "#0"},
				"west": {"uv": [0, 13.12, 11.2, 14.08], "rotation": 90, "texture": "#0"},
				"up": {"uv": [0, 0, 1.2, 1.2], "texture": "#missing"},
				"down": {"uv": [0, 0, 1.2, 1.2], "texture": "#missing"}
			}
		},
		{
			"from": [7.4, 7, 7.4],
			"to": [8.6, 14, 8.6],
			"faces": {
				"north": {"uv": [2.88, 14.72, 11.2, 16], "rotation": 90, "texture": "#0"},
				"east": {"uv": [5.44, 14.72, 13.76, 16], "rotation": 90, "texture": "#0"},
				"south": {"uv": [0, 14.72, 8.32, 16], "rotation": 90, "texture": "#0"},
				"west": {"uv": [7.68, 14.72, 16, 16], "rotation": 90, "texture": "#0"},
				"up": {"uv": [0, 0, 1.2, 1.2], "texture": "#missing"},
				"down": {"uv": [0, 0, 1.2, 1.2], "texture": "#missing"}
			}
		},
		{
			"from": [7.25, -1, 7.25],
			"to": [8.75, 0, 8.75],
			"faces": {
				"north": {"uv": [14.4, 0, 15.9, 1], "texture": "#0"},
				"east": {"uv": [14.4, 0, 15.9, 1], "texture": "#0"},
				"south": {"uv": [14.4, 0, 15.9, 1], "texture": "#0"},
				"west": {"uv": [14.4, 0, 15.9, 1], "texture": "#0"},
				"up": {"uv": [14.4, 6.08, 15.9, 7.58], "texture": "#0"},
				"down": {"uv": [14.4, 0, 15.9, 1.5], "texture": "#0"}
			}
		},
		{
			"from": [7.35, -1.25, 7.35],
			"to": [8.65, -1, 8.65],
			"faces": {
				"north": {"uv": [14.4, 0, 16, 0.32], "texture": "#0"},
				"east": {"uv": [14.4, 0, 16, 0.32], "texture": "#0"},
				"south": {"uv": [14.4, 0, 16, 0.32], "texture": "#0"},
				"west": {"uv": [14.4, 0, 16, 0.32], "texture": "#0"},
				"up": {"uv": [14.4, 1.6, 15.7, 2.9], "texture": "#0"},
				"down": {"uv": [13.44, 4.8, 14.74, 6.1], "texture": "#0"}
			}
		},
		{
			"from": [7.25, 6, 7.25],
			"to": [8.75, 7, 8.75],
			"faces": {
				"north": {"uv": [13.12, 1.92, 14.62, 2.92], "texture": "#0"},
				"east": {"uv": [13.44, 4.48, 14.94, 5.48], "texture": "#0"},
				"south": {"uv": [13.76, 9.92, 15.26, 10.92], "texture": "#0"},
				"west": {"uv": [14.4, 4.48, 15.9, 5.48], "texture": "#0"},
				"up": {"uv": [13.76, 8.96, 15.26, 10.46], "texture": "#0"},
				"down": {"uv": [13.76, 4.8, 15.26, 6.3], "texture": "#0"}
			}
		},
		{
			"from": [6.5, 14.25, 5],
			"to": [9.5, 17.25, 11],
			"rotation": {"angle": -45, "axis": "z", "origin": [8, 15.75, 8]},
			"faces": {
				"north": {"uv": [0.32, 1.6, 3.32, 4.6], "texture": "#0"},
				"east": {"uv": [6.08, 7.68, 12.08, 10.68], "texture": "#0"},
				"south": {"uv": [7.04, 1.92, 10.04, 4.92], "texture": "#0"},
				"west": {"uv": [6.4, 2.56, 12.4, 5.56], "texture": "#0"},
				"up": {"uv": [6.72, 4.8, 9.72, 10.8], "texture": "#0"},
				"down": {"uv": [6.72, 3.84, 9.72, 9.84], "texture": "#0"}
			}
		},
		{
			"from": [7.25, 12.5, 7],
			"to": [8.75, 18.25, 9],
			"faces": {
				"north": {"uv": [2.56, 1.6, 4.06, 7.35], "texture": "#0"},
				"east": {"uv": [6.08, 2.88, 8.08, 8.63], "texture": "#0"},
				"south": {"uv": [8, 6.08, 9.5, 11.83], "texture": "#0"},
				"west": {"uv": [1.28, 5.76, 3.28, 11.51], "texture": "#0"},
				"up": {"uv": [9.6, 2.88, 11.1, 4.88], "texture": "#0"},
				"down": {"uv": [7.36, 6.4, 8.86, 8.4], "texture": "#0"}
			}
		},
		{
			"from": [7.5, 17.50628, 7.91161],
			"to": [8.5, 18.50628, 8.91161],
			"rotation": {"angle": -45, "axis": "x", "origin": [7.95, 17.63128, 7.91161]},
			"faces": {
				"north": {"uv": [5.44, 6.72, 6.44, 7.72], "texture": "#0"},
				"east": {"uv": [10.88, 3.84, 11.88, 4.84], "texture": "#0"},
				"south": {"uv": [7.04, 8, 8.04, 9], "texture": "#0"},
				"west": {"uv": [7.04, 5.76, 8.04, 6.76], "texture": "#0"},
				"up": {"uv": [4.16, 6.72, 5.16, 7.72], "texture": "#0"},
				"down": {"uv": [6.72, 6.4, 7.72, 7.4], "texture": "#0"}
			}
		},
		{
			"from": [5.75, 13.25, 3],
			"to": [10.25, 18.25, 5],
			"rotation": {"angle": 0, "axis": "y", "origin": [0, -0.25, 0]},
			"faces": {
				"north": {"uv": [4.16, 3.2, 8.66, 8.2], "texture": "#0"},
				"east": {"uv": [5.76, 4.8, 7.76, 9.8], "texture": "#0"},
				"south": {"uv": [5.12, 4.48, 9.62, 9.48], "texture": "#0"},
				"west": {"uv": [5.76, 2.24, 7.76, 7.24], "texture": "#0"},
				"up": {"uv": [3.84, 3.2, 8.34, 5.2], "texture": "#0"},
				"down": {"uv": [4.48, 5.12, 8.98, 7.12], "texture": "#0"}
			}
		},
		{
			"from": [5.75, 13.25, 11],
			"to": [10.25, 18.25, 13],
			"rotation": {"angle": 0, "axis": "y", "origin": [0, -0.25, 0]},
			"faces": {
				"north": {"uv": [7.68, 7.36, 12.18, 12.36], "texture": "#0"},
				"east": {"uv": [4.8, 3.84, 6.8, 8.84], "texture": "#0"},
				"south": {"uv": [4.16, 4.8, 8.66, 9.8], "texture": "#0"},
				"west": {"uv": [3.84, 3.52, 5.84, 8.52], "texture": "#0"},
				"up": {"uv": [7.04, 2.56, 11.54, 4.56], "texture": "#0"},
				"down": {"uv": [2.56, 7.68, 7.06, 9.68], "texture": "#0"}
			}
		},
		{
			"from": [6.3, 14.10723, 6.29822],
			"to": [7.3, 19.60723, 7.29822],
			"rotation": {"angle": -45, "axis": "x", "origin": [6.8, 15.73223, 8.17322]},
			"faces": {
				"north": {"uv": [15.04, 3.84, 16.04, 9.34], "rotation": 180, "texture": "#0"},
				"east": {"uv": [14.72, 1.28, 15.72, 6.78], "texture": "#0"},
				"south": {"uv": [14.72, 1.92, 15.72, 7.42], "texture": "#0"},
				"west": {"uv": [14.08, 2.24, 15.08, 7.74], "texture": "#0"},
				"up": {"uv": [13.44, 0.64, 14.44, 1.64], "texture": "#0"},
				"down": {"uv": [13.44, 5.76, 14.44, 6.76], "rotation": 180, "texture": "#0"}
			}
		},
		{
			"from": [6.3, 14.10723, 7.29822],
			"to": [7.3, 15.10723, 11.79822],
			"rotation": {"angle": -45, "axis": "x", "origin": [6.8, 15.73223, 8.17322]},
			"faces": {
				"north": {"uv": [14.4, 4.16, 15.4, 5.16], "texture": "#0"},
				"east": {"uv": [14.08, 3.52, 15.08, 8.02], "rotation": 90, "texture": "#0"},
				"south": {"uv": [15.04, 5.12, 16.04, 6.12], "texture": "#0"},
				"west": {"uv": [13.12, 2.88, 14.12, 7.38], "rotation": 90, "texture": "#0"},
				"up": {"uv": [14.08, 2.88, 15.08, 7.38], "texture": "#0"},
				"down": {"uv": [13.44, 3.2, 14.44, 7.7], "texture": "#0"}
			}
		},
		{
			"from": [5.8, 17, 7.5],
			"to": [6.8, 18, 13],
			"rotation": {"angle": 45, "axis": "x", "origin": [6.3, 17.5, 8]},
			"faces": {
				"north": {"uv": [15.04, 11.52, 16.04, 12.52], "texture": "#0"},
				"east": {"uv": [15.04, 2.88, 16.04, 8.38], "rotation": 90, "texture": "#0"},
				"south": {"uv": [14.72, 6.4, 15.72, 7.4], "texture": "#0"},
				"west": {"uv": [14.08, 2.56, 15.08, 8.06], "rotation": 90, "texture": "#0"},
				"up": {"uv": [15.04, 3.2, 16.04, 8.7], "texture": "#0"},
				"down": {"uv": [14.4, 3.2, 15.4, 8.7], "texture": "#0"}
			}
		},
		{
			"from": [5.8, 12.5, 7.5],
			"to": [6.8, 17, 8.5],
			"rotation": {"angle": 45, "axis": "x", "origin": [6.3, 17.5, 8]},
			"faces": {
				"north": {"uv": [14.4, 4.8, 15.4, 9.3], "rotation": 180, "texture": "#0"},
				"east": {"uv": [13.76, 2.88, 14.76, 7.38], "texture": "#0"},
				"south": {"uv": [13.76, 3.52, 14.76, 8.02], "texture": "#0"},
				"west": {"uv": [14.08, 3.2, 15.08, 7.7], "texture": "#0"},
				"up": {"uv": [15.04, 4.8, 16.04, 5.8], "texture": "#0"},
				"down": {"uv": [14.08, 7.36, 15.08, 8.36], "texture": "#0"}
			}
		},
		{
			"from": [8.7, 14.10723, 6.29822],
			"to": [9.7, 19.60723, 7.29822],
			"rotation": {"angle": -45, "axis": "x", "origin": [9.2, 15.73223, 8.17322]},
			"faces": {
				"north": {"uv": [14.4, 2.56, 15.4, 8.06], "rotation": 180, "texture": "#0"},
				"east": {"uv": [15.04, 5.44, 16.04, 10.94], "texture": "#0"},
				"south": {"uv": [13.76, 3.2, 14.76, 8.7], "texture": "#0"},
				"west": {"uv": [13.76, 4.16, 14.76, 9.66], "texture": "#0"},
				"up": {"uv": [13.44, 2.24, 14.44, 3.24], "texture": "#0"},
				"down": {"uv": [14.72, 5.44, 15.72, 6.44], "rotation": 180, "texture": "#0"}
			}
		},
		{
			"from": [8.7, 14.10723, 7.29822],
			"to": [9.7, 15.10723, 11.79822],
			"rotation": {"angle": -45, "axis": "x", "origin": [9.2, 15.73223, 8.17322]},
			"faces": {
				"north": {"uv": [13.44, 8.64, 14.44, 9.64], "texture": "#0"},
				"east": {"uv": [14.4, 4.8, 15.4, 9.3], "rotation": 90, "texture": "#0"},
				"south": {"uv": [15.04, 7.04, 16.04, 8.04], "texture": "#0"},
				"west": {"uv": [13.44, 4.16, 14.44, 8.66], "rotation": 90, "texture": "#0"},
				"up": {"uv": [15.04, 5.12, 16.04, 9.62], "texture": "#0"},
				"down": {"uv": [13.44, 5.76, 14.44, 10.26], "texture": "#0"}
			}
		},
		{
			"from": [9.15, 17, 7.5],
			"to": [10.15, 18, 13],
			"rotation": {"angle": 45, "axis": "x", "origin": [9.65, 17.5, 8]},
			"faces": {
				"north": {"uv": [13.44, 5.76, 14.44, 6.76], "texture": "#0"},
				"east": {"uv": [14.08, 4.16, 15.08, 9.66], "rotation": 90, "texture": "#0"},
				"south": {"uv": [15.04, 8.64, 16.04, 9.64], "texture": "#0"},
				"west": {"uv": [13.44, 4.16, 14.44, 9.66], "rotation": 90, "texture": "#0"},
				"up": {"uv": [15.04, 5.76, 16.04, 11.26], "texture": "#0"},
				"down": {"uv": [13.12, 1.28, 14.12, 6.78], "texture": "#0"}
			}
		},
		{
			"from": [9.15, 12.5, 7.5],
			"to": [10.15, 17, 8.5],
			"rotation": {"angle": 45, "axis": "x", "origin": [9.65, 17.5, 8]},
			"faces": {
				"north": {"uv": [14.72, 6.72, 15.72, 11.22], "rotation": 180, "texture": "#0"},
				"east": {"uv": [13.76, 1.92, 14.76, 6.42], "texture": "#0"},
				"south": {"uv": [14.72, 2.24, 15.72, 6.74], "texture": "#0"},
				"west": {"uv": [12.8, 4.16, 13.8, 8.66], "texture": "#0"},
				"up": {"uv": [13.12, 5.76, 14.12, 6.76], "rotation": 180, "texture": "#0"},
				"down": {"uv": [14.08, 6.08, 15.08, 7.08], "texture": "#0"}
			}
		},
		{
			"name": "Brace",
			"from": [5.5, 13, 4.5],
			"to": [10.5, 18.5, 4.75],
			"rotation": {"angle": 0, "axis": "y", "origin": [10.25, 15.75, 4.5]},
			"faces": {
				"north": {"uv": [12.8, 6.08, 16, 11.52], "texture": "#0"},
				"east": {"uv": [12.8, 3.84, 13.05, 9.34], "texture": "#0"},
				"south": {"uv": [12.8, 1.28, 16, 6.72], "texture": "#0"},
				"west": {"uv": [15.68, 3.52, 15.93, 9.02], "texture": "#0"},
				"up": {"uv": [14.4, 0.64, 14.65, 5.64], "rotation": 90, "texture": "#0"},
				"down": {"uv": [14.08, 5.76, 14.33, 10.76], "rotation": 90, "texture": "#0"}
			}
		},
		{
			"name": "Brace",
			"from": [5.5, 13, 3.25],
			"to": [10.5, 18.5, 3.5],
			"rotation": {"angle": 0, "axis": "y", "origin": [10.25, 15.75, 3.25]},
			"faces": {
				"north": {"uv": [12.8, 1.6, 16, 7.04], "texture": "#0"},
				"east": {"uv": [13.12, 6.08, 13.37, 11.58], "texture": "#0"},
				"south": {"uv": [12.8, 3.84, 16, 9.28], "texture": "#0"},
				"west": {"uv": [15.68, 7.36, 15.93, 12.86], "texture": "#0"},
				"up": {"uv": [14.72, 3.52, 14.97, 8.52], "rotation": 90, "texture": "#0"},
				"down": {"uv": [15.04, 3.52, 15.29, 8.52], "rotation": 90, "texture": "#0"}
			}
		},
		{
			"name": "Brace",
			"from": [5.5, 13, 12.5],
			"to": [10.5, 18.5, 12.75],
			"rotation": {"angle": 0, "axis": "y", "origin": [10.25, 15.75, 12.5]},
			"faces": {
				"north": {"uv": [12.8, 7.68, 16, 13.12], "texture": "#0"},
				"east": {"uv": [14.72, 0.32, 14.97, 5.82], "texture": "#0"},
				"south": {"uv": [12.8, 2.88, 16, 8.32], "texture": "#0"},
				"west": {"uv": [14.08, 3.2, 14.33, 8.7], "texture": "#0"},
				"up": {"uv": [15.04, 4.8, 15.29, 9.8], "rotation": 90, "texture": "#0"},
				"down": {"uv": [14.4, 4.48, 14.65, 9.48], "rotation": 90, "texture": "#0"}
			}
		},
		{
			"name": "Brace",
			"from": [5.5, 13, 11.25],
			"to": [10.5, 18.5, 11.5],
			"rotation": {"angle": 0, "axis": "y", "origin": [10.25, 15.75, 11.25]},
			"faces": {
				"north": {"uv": [12.8, 7.68, 16, 13.12], "texture": "#0"},
				"east": {"uv": [14.72, 4.8, 14.97, 10.3], "texture": "#0"},
				"south": {"uv": [12.8, 0, 16, 5.44], "texture": "#0"},
				"west": {"uv": [15.04, 1.6, 15.29, 7.1], "texture": "#0"},
				"up": {"uv": [13.76, 5.12, 14.01, 10.12], "rotation": 90, "texture": "#0"},
				"down": {"uv": [14.08, 5.12, 14.33, 10.12], "rotation": 90, "texture": "#0"}
			}
		},
		{
			"from": [7, 12.25, 6.75],
			"to": [9, 12.75, 9.25],
			"rotation": {"angle": 0, "axis": "y", "origin": [7, 11.75, 7]},
			"faces": {
				"north": {"uv": [13.12, 5.76, 15.12, 6.26], "texture": "#0"},
				"east": {"uv": [13.44, 9.92, 15.94, 10.42], "texture": "#0"},
				"south": {"uv": [13.76, 7.04, 15.76, 7.54], "texture": "#0"},
				"west": {"uv": [13.12, 9.92, 15.62, 10.42], "texture": "#0"},
				"up": {"uv": [14.08, 1.92, 16.08, 4.42], "texture": "#0"},
				"down": {"uv": [13.44, 6.08, 15.44, 8.58], "texture": "#0"}
			}
		},
		{
			"from": [7, 11.25, 6.75],
			"to": [9, 11.75, 9.25],
			"rotation": {"angle": 0, "axis": "y", "origin": [7, 10.75, 7]},
			"faces": {
				"north": {"uv": [14.08, 11.52, 16.08, 12.02], "texture": "#0"},
				"east": {"uv": [13.44, 3.2, 15.94, 3.7], "texture": "#0"},
				"south": {"uv": [14.08, 3.52, 16.08, 4.02], "texture": "#0"},
				"west": {"uv": [12.8, 7.04, 15.3, 7.54], "texture": "#0"},
				"up": {"uv": [14.08, 8.64, 16.08, 11.14], "texture": "#0"},
				"down": {"uv": [13.44, 2.56, 15.44, 5.06], "texture": "#0"}
			}
		},
		{
			"from": [7.25, 10.25, 7.25],
			"to": [8.75, 10.75, 8.75],
			"rotation": {"angle": 0, "axis": "y", "origin": [7, 9.75, 7]},
			"faces": {
				"north": {"uv": [13.76, 1.92, 15.26, 2.42], "texture": "#0"},
				"east": {"uv": [13.76, 8.96, 15.26, 9.46], "texture": "#0"},
				"south": {"uv": [12.8, 3.84, 14.3, 4.34], "texture": "#0"},
				"west": {"uv": [14.4, 6.4, 15.9, 6.9], "texture": "#0"},
				"up": {"uv": [12.8, 7.36, 14.3, 8.86], "texture": "#0"},
				"down": {"uv": [14.4, 10.24, 15.9, 11.74], "texture": "#0"}
			}
		}
	],
	"display": {
		"thirdperson_righthand": {
			"translation": [0, 3.25, 0]
		},
		"thirdperson_lefthand": {
			"translation": [0, 3.25, 0]
		},
		"firstperson_righthand": {
			"rotation": [-20, 0, 0],
			"translation": [4, 0, 0]
		},
		"firstperson_lefthand": {
			"rotation": [-20, 0, 0],
			"translation": [4, 0, 0]
		},
		"ground": {
			"translation": [0, 7.5, 0]
		},
		"gui": {
			"rotation": [90, 45, -90],
			"translation": [-1.75, -1.75, 0]
		},
		"fixed": {
			"rotation": [90, 120, -90],
			"translation": [1, -1.75, 0]
		}
	},
	"groups": [
		{
			"name": "Handle",
			"origin": [8, 8, 8],
			"color": 0,
			"children": [0, 1, 2, 3, 4]
		},
		{
			"name": "Hammer Head",
			"origin": [8, 8, 8],
			"color": 0,
			"children": [5, 6, 7, 8, 9]
		},
		{
			"name": "Full Head Detail",
			"origin": [8, 8, 8],
			"color": 1,
			"children": [
				{
					"name": "Head Detail",
					"origin": [8, 8, 8],
					"color": 1,
					"children": [10, 11]
				},
				{
					"name": "Head Detail",
					"origin": [8, 8, 8],
					"color": 1,
					"children": [12, 13]
				}
			]
		},
		{
			"name": "Full Head Detail",
			"origin": [8, 8, 8],
			"color": 0,
			"children": [
				{
					"name": "Head Detail",
					"origin": [8, 8, 8],
					"color": 0,
					"children": [14, 15]
				},
				{
					"name": "Head Detail",
					"origin": [8, 8, 8],
					"color": 0,
					"children": [16, 17]
				}
			]
		},
		{
			"name": "Head Brace",
			"origin": [8, 8, 8],
			"color": 0,
			"children": [18, 19]
		},
		{
			"name": "Head Brace",
			"origin": [8, 8, 8],
			"color": 1,
			"children": [20, 21]
		}, 22, 23, 24]
}